ID,fName,lName,gender,DOB,contractStarted,email,phone,salary_ID,department_ID,designation_ID,Age
429fc5eb-d7eb-4824-85c4-221026c60ddb,Ryka,Mital,Female,1990-01-01,2012-03-01,Ryka.Mital@xyz.com,9876754326,66c8f440-d3c9-4565-ba4d-d37086b47873,a3c85a0c-6073-4c7f-8468-1f3dd79bb8de,c5751e74-ef39-4135-a111-eb4b1b4d7f9a,0 
455b744d-8e33-4ca5-ada1-91ce6c3447bc,Chiranjivi,Seshadri,Male,1990-02-01,2012-03-11,Chiranjivi.Seshadri@abc.com,8564543278,f64caecb-d699-450f-a8ba-47eef0e42abc,3e274a93-8681-4d89-9362-2a94f4089038,27e7121c-2860-4b1c-915c-9f46b2b4b95f,0 
643ec8c0-b128-4af5-8a27-3c9d261fed10,Shresth,Majumdar,Male,1987-01-01,2009-10-16,Shresth.Majumdar@abc.com,9065754376,97475e75-ecfd-49a2-821f-6795807cec99,643ec8c0-b128-4af5-8a27-3c9d261fed10,d516bea4-32bc-4b35-9d9b-afbbbf1ab021,0 
c1fbef5f-8771-4c77-9f26-219470eb8935,Samarth,Joshi,Male,1985-01-09,2007-07-17,Samarth.Joshi@xyz.com,9878654532,6d88f481-d17d-42e4-b675-5e9a2a13ed85,b4ec49cd-6dc5-43e6-a096-7ba34d385e79,d94bd7b7-3934-4e16-a553-fc7691e38231,0 
2239b1c7-acb3-42d1-b8af-8fd608446f92,Akhil,Shanker,Male,1996-07-23,2018-09-20,Akhil.Shanker@xyz.com,9870653654,1e0a262e-26a7-4af1-a911-23577687cfb9,7249cd09-4328-425c-8308-6adc5f8464cb,b7a59886-16d0-47b3-a356-04dc932d0926,0 
5f6de571-f161-4c40-9b12-def023bfd14f,Haiya,Luthra,Female,1991-03-12,2013-07-17,Haiya.Luthra@abc.com,9850998565,8c304426-e2fd-4e0f-9c20-344d0f5cc3be,35a81ef9-42a1-4546-ad6e-c8451f701bbf,a44b6eed-4d75-44a0-b892-34762a885be4,0 
1787b9c5-42cd-4115-8360-829a19028f34,Minakshi,Ram,Female,1990-04-02,2012-08-08,Minakshi.Ram@xyz.com,9860983218,785d7097-ddf3-46a3-9c07-ff1cc13fca1a,f8c28124-8fa6-464f-b2cd-41c689dfc075,eddc4cf6-0db8-449d-a42e-4bad6c403615,0 
5f6de571-f161-4c40-9b12-def023bfd15f,devendra,Luthra,male,1980-03-12,2013-07-17,Devendra@abc.com,9867998565,8c304426-e2fd-4e0f-1234-344d0f5cc3be,35a81ef9-1a2b-4546-ad6e-c8451f701bbf,a44b6eed-4d75-lm76-b892-34762a885be4,0 
1787b9c5-42cd-4115-8360-829a19028f64,goud,Ram,male,1995-04-02,2012-08-08,goud.ram@xyz.com,9860985618,785d7097-ddf3-46a3-5678-ff1cc13fca1a,f8c28124-1c2d-464f-b2cd-41c689dfc075,eddc4cf6-0db8-449d-0ok8-4bad6c403615,0 
b48a17aa-0b57-4d35-923a-5b47582889d9,Kanta,Datta,Female,1994-01-24,2016-09-07,Kanta.Datta@xyz.com,6587987865,f8c28124-8fa6-464f-b2cd-41c689dfc075,46714704-fc16-4c1e-9bf6-f500920133ae,5c4cd425-e2db-4efd-bf8a-28858cedfa24,0 
ba9086e5-96d4-4177-9459-a5bf4cd0a05c,Jayesh,Ramesh,Male,1992-10-23,2014-11-13,Jayesh.Ramesh@xyz.com,8976897654,1a2326ad-9443-4b2a-93fa-b6fb2f4f00b3,ab61e2ea-1386-4c60-bd22-c65f8c8bc5e0,a44b6eed-4d75-44a0-b892-34762a885be4,0 
ef93e5fe-55a5-48db-b84d-68ca1cd39f20,Darsh,Muni,Male,1993-11-03,2015-12-13,Darsh.Muni@xyz.com,8987676567,35a81ef9-42a1-4546-ad6e-c8451f701bbf,a4a7ee55-fc55-46fb-9166-ccff5411f80e,5c4cd425-e2db-4efd-bf8a-28858cedfa24,0 
3fa6821e-c701-48ab-bea1-57a0fee7e94c,Abhay,Sabharwal,Male,1992-01-26,2014-11-23,Abhay.Sabharwal@abc.com,9845764534,7249cd09-4cd8-425c-8308-6adc5f8464cb,3b85fc31-9207-420d-b678-320da7ee20a9,61c00b00-8cfe-41e3-85c3-578a6a60b271,0 
d32c4f6d-fbd7-409b-b6e4-9dfef80e43c4,Abhilash,Sridhar,Male,1990-05-24,2012-10-24,Abhilash.Sridhar@abc.com,9876543217,1a2326ad-9443-4b2a-93fa-b6fb2f4f00b3,775c9d44-d700-405b-b05c-594dd2785ab6,61c00b00-8cfe-41e3-85c3-578a6a60b271,30 
b342ec2d-83cb-4338-9327-51269aca44d8,Diya,Bhagat,Female,1989-07-05,2011-03-05,Diya.Bhagat@abc.com,9870987654,b4ec49cd-6dc5-43e6-a096-7ba34d385e79,525e41b4-e5bd-43e6-9c95-a1dc7e3d8d41,eddc4cf6-0db8-449d-a42e-4bad6c403615,22 
1d1e41ac-2a7d-4093-9fd4-4e1a628d4a9b,Asmita,Shenoy,Female,1992-01-18,2014-02-18,Asmita.Shenoy@xyz.com,8976543289,1a2326ad-9443-4b2a-93fa-b6fb2f4f00b3,1edd939a-805d-47ed-a377-52ca636b0ac8,48712b4c-fcb3-499a-ad0b-bd4d08e580f9,15 
34e39c7a-69d9-4c6f-a4c1-b4f8cf2dc64a,John,Doe,Male,1985-05-12,2010-06-15,john.doekill@example.com,9708060504,ef5b3ff7-4026-4915-a610-9fe5a6f3b40f,f3f4b4d7-5c6e-4dd5-89d3-158abf8e4a5d,9f3d0e5f-df27-4fbf-b9ec-9d204ec6b19d,37
1e2d3d91-0523-4ee5-bc4d-7a71d91e155a,Samantha,Smith,Female,1988-08-25,2013-02-28,samantha.smithjotfg@example.com,9889814218,3e15086a-d14a-4a68-b724-93c001b16a2a,bde9a8e1-62a3-4427-bef8-7a0e073f456c,b9d7fc56-28c3-4b7f-8a8e-d3a258d1cf72,33
a4d6fd98-8b58-4195-af65-fb6e7db7fbf2,Emily,Johnson,Female,1987-11-18,2015-09-10,emily.johnsonbabu@example.com,6301404365,c68a89f9-8538-44c7-9eb9-8c0bdfc96c70,cbe0e1f3-9d78-43b8-a982-8be95b2119f8,a92b6f8d-ae2c-43b0-b01b-fde39e7e4d0a,34
f3c40d2e-d9a7-435d-a07d-84e40f4d74a5,Michael,Brown,Male,1983-03-20,2009-11-20,michael.brownkjhl@example.com,9390336145,1c79e147-15ae-4b3c-b2f0-2f7110b5a5f9,a40c8053-0b79-46f6-8f63-04d20890c2e8,f5b2d3af-ff26-447e-ae10-09727b499c98,39
2d4f6c28-8478-48b2-9642-eb4f9b7d67bf,Alex,Williams,Male,1986-07-14,2012-08-30,alex.williamsbob@example.com,9989814216,bc5392b4-028e-4b1b-96eb-8557d0e9c129,e8bc27d3-ae57-40ae-8d7a-d325b8e13fa4,d6d4564b-1774-4521-83f6-25b4328e296c,35
a9b8c7d6-e5f4-4d3c-b2a1-1a2b3c4d5e6f,Sophia,Miller,Female,1984-09-30,2014-05-25,sophia.millerdev@example.com,9098787656,9e3170c8-fa63-4b08-9e67-603c8b80d5e0,d02cf127-185d-4e25-9a8e-943d7a3926b7,c96e2798-cdcf-4e7b-bf2e-2e4b8b56e7cc,38
6b5n4v3g-2h1j-1k2l-8s9d-5f4g3h2j1k,Isabella,Garcia,Female,1992-06-07,2016-07-12,isabella.garciababa@example.com,7234321564,4a0c9d94-986f-497e-8835-b7a96fc3bb65,f7398b33-8c27-4d14-9fe5-35bdfdf95b4b,7a0344aa-80e0-413d-a9b8-11cf158be2c5,30

